{"cameraMode":{"drawMode":0,"name":"Shaded","section":"Shading Mode"},"sceneLighting":true,"audioPlay":false,"sceneViewState":{"showFog":false,"showMaterialUpdate":false,"showSkybox":false,"showFlares":false,"showImageEffects":false,"showParticleSystems":false},"in2DMode":false,"pivot":{"x":24.83506965637207,"y":27.871112823486329,"z":80.52103424072266},"rotation":{"x":-0.10385248810052872,"y":0.8654592633247376,"z":-0.2010989934206009,"w":-0.4469422996044159},"size":18.138200759887697,"orthographic":false}