{"cameraMode":{"drawMode":0,"name":"Shaded","section":"Shading Mode"},"sceneLighting":false,"audioPlay":false,"sceneViewState":{"showFog":false,"showMaterialUpdate":false,"showSkybox":false,"showFlares":false,"showImageEffects":false,"showParticleSystems":false},"in2DMode":false,"pivot":{"x":1.5799999237060547,"y":1.0299999713897706,"z":19.43000030517578},"rotation":{"x":0.17547228932380677,"y":0.011813482269644738,"z":-0.002105801599100232,"w":0.9844120144844055},"size":1.6007810831069947,"orthographic":false}