{"cameraMode":{"drawMode":0,"name":"Shaded","section":"Shading Mode"},"sceneLighting":true,"audioPlay":false,"sceneViewState":{"showFog":true,"showMaterialUpdate":false,"showSkybox":true,"showFlares":true,"showImageEffects":true,"showParticleSystems":true},"in2DMode":false,"pivot":{"x":8.021286010742188,"y":-0.970703125,"z":-0.6125526428222656},"rotation":{"x":0.15359701216220857,"y":-0.8367730975151062,"z":0.29590144753456118,"w":0.4343535304069519},"size":13.182276725769043,"orthographic":true}