{"cameraMode":{"drawMode":0,"name":"Shaded","section":"Shading Mode"},"sceneLighting":false,"audioPlay":false,"sceneViewState":{"showFog":true,"showMaterialUpdate":false,"showSkybox":false,"showFlares":true,"showImageEffects":true,"showParticleSystems":true},"in2DMode":false,"pivot":{"x":8.281000137329102,"y":0.07500000298023224,"z":-6.157158851623535},"rotation":{"x":-0.15026073157787324,"y":0.7176135778427124,"z":-0.16334539651870728,"w":-0.6601296663284302},"size":0.14664414525032044,"orthographic":false}