{"cameraMode":{"drawMode":0,"name":"Shaded","section":"Shading Mode"},"sceneLighting":false,"audioPlay":false,"sceneViewState":{"showFog":true,"showMaterialUpdate":false,"showSkybox":false,"showFlares":true,"showImageEffects":true,"showParticleSystems":true},"in2DMode":false,"pivot":{"x":8.890000343322754,"y":-0.8724122047424316,"z":-5.619999885559082},"rotation":{"x":0.23930758237838746,"y":-0.6008131504058838,"z":0.19498400390148164,"w":0.7373919486999512},"size":0.771495521068573,"orthographic":false}