{"cameraMode":{"drawMode":0,"name":"Shaded","section":"Shading Mode"},"sceneLighting":false,"audioPlay":false,"sceneViewState":{"showFog":true,"showMaterialUpdate":false,"showSkybox":false,"showFlares":true,"showImageEffects":true,"showParticleSystems":true},"in2DMode":false,"pivot":{"x":0.14199234545230866,"y":0.37153297662734988,"z":0.0},"rotation":{"x":0.25433942675590517,"y":0.2672571837902069,"z":-0.07334986329078675,"w":0.9265570044517517},"size":0.7714957594871521,"orthographic":false}