{"cameraMode":{"drawMode":0,"name":"Shaded","section":"Shading Mode"},"sceneLighting":true,"audioPlay":false,"sceneViewState":{"showFog":true,"showMaterialUpdate":false,"showSkybox":true,"showFlares":true,"showImageEffects":true,"showParticleSystems":true},"in2DMode":false,"pivot":{"x":3.468681573867798,"y":1.4732460975646973,"z":0.6487112045288086},"rotation":{"x":-0.3270000219345093,"y":-0.1627587229013443,"z":0.05726935714483261,"w":-0.9291411638259888},"size":2.81168270111084,"orthographic":false}