{"cameraMode":{"drawMode":0,"name":"Shaded","section":"Shading Mode"},"sceneLighting":false,"audioPlay":false,"sceneViewState":{"showFog":true,"showMaterialUpdate":false,"showSkybox":false,"showFlares":true,"showImageEffects":true,"showParticleSystems":true},"in2DMode":false,"pivot":{"x":-0.48995187878608706,"y":0.0887451171875,"z":-0.08826809376478195},"rotation":{"x":0.2605501115322113,"y":0.2911475598812103,"z":-0.08274413645267487,"w":0.916789710521698},"size":0.6481907367706299,"orthographic":false}