{"cameraMode":{"drawMode":0,"name":"Shaded","section":"Shading Mode"},"sceneLighting":false,"audioPlay":false,"sceneViewState":{"showFog":true,"showMaterialUpdate":false,"showSkybox":false,"showFlares":true,"showImageEffects":true,"showParticleSystems":true},"in2DMode":false,"pivot":{"x":8.348511695861817,"y":-0.21799999475479127,"z":-6.279898166656494},"rotation":{"x":-0.006791801191866398,"y":-0.9907549619674683,"z":0.12430141121149063,"w":-0.0541289821267128},"size":-0.19478654861450196,"orthographic":false}