{"cameraMode":{"drawMode":0,"name":"Shaded","section":"Shading Mode"},"sceneLighting":false,"audioPlay":false,"sceneViewState":{"showFog":true,"showMaterialUpdate":false,"showSkybox":false,"showFlares":true,"showImageEffects":true,"showParticleSystems":true},"in2DMode":false,"pivot":{"x":-0.00021690130233764648,"y":0.0,"z":-0.000356137752532959},"rotation":{"x":0.41247865557670596,"y":0.028687763959169389,"z":-0.012997359037399292,"w":0.9104227423667908},"size":0.7906317710876465,"orthographic":false}