{"cameraMode":{"drawMode":0,"name":"Shaded","section":"Shading Mode"},"sceneLighting":true,"audioPlay":false,"sceneViewState":{"showFog":true,"showMaterialUpdate":false,"showSkybox":true,"showFlares":true,"showImageEffects":true,"showParticleSystems":true},"in2DMode":false,"pivot":{"x":0.754522442817688,"y":0.10467863082885742,"z":-0.1398935317993164},"rotation":{"x":0.38020727038383486,"y":0.1477733850479126,"z":-0.0616653636097908,"w":0.910936176776886},"size":4.507394790649414,"orthographic":false}