{"cameraMode":{"drawMode":0,"name":"Shaded","section":"Shading Mode"},"sceneLighting":false,"audioPlay":false,"sceneViewState":{"showFog":true,"showMaterialUpdate":false,"showSkybox":false,"showFlares":true,"showImageEffects":true,"showParticleSystems":true},"in2DMode":false,"pivot":{"x":0.45767438411712649,"y":0.6249078512191773,"z":0.3564639091491699},"rotation":{"x":0.006776290480047464,"y":0.9792455434799194,"z":-0.0332074835896492,"w":0.19982512295246125},"size":2.4964089393615724,"orthographic":false}