{"cameraMode":{"drawMode":0,"name":"Shaded","section":"Shading Mode"},"sceneLighting":false,"audioPlay":false,"sceneViewState":{"showFog":true,"showMaterialUpdate":false,"showSkybox":false,"showFlares":true,"showImageEffects":true,"showParticleSystems":true},"in2DMode":false,"pivot":{"x":2.2158706188201906,"y":1.0700000524520875,"z":0.9019110202789307},"rotation":{"x":0.21529221534729005,"y":0.7544506192207336,"z":-0.29907670617103579,"w":0.5431674718856812},"size":0.9339801669120789,"orthographic":false}