{"cameraMode":{"drawMode":0,"name":"Shaded","section":"Shading Mode"},"sceneLighting":false,"audioPlay":false,"sceneViewState":{"showFog":true,"showMaterialUpdate":false,"showSkybox":false,"showFlares":true,"showImageEffects":true,"showParticleSystems":true},"in2DMode":false,"pivot":{"x":0.3741074204444885,"y":1.5893611907958985,"z":-3.0874619483947756},"rotation":{"x":-0.016716649755835534,"y":0.9435468316078186,"z":-0.32730308175086977,"w":-0.04817873612046242},"size":4.104200839996338,"orthographic":true}