{"cameraMode":{"drawMode":0,"name":"Shaded","section":"Shading Mode"},"sceneLighting":false,"audioPlay":false,"sceneViewState":{"showFog":true,"showMaterialUpdate":false,"showSkybox":false,"showFlares":true,"showImageEffects":true,"showParticleSystems":true},"in2DMode":false,"pivot":{"x":-0.23513787984848023,"y":1.2699445486068726,"z":-5.720896244049072},"rotation":{"x":-0.06095410883426666,"y":-0.9355952739715576,"z":0.2008827030658722,"w":-0.2838890254497528},"size":0.18413996696472169,"orthographic":true}