{"cameraMode":{"drawMode":0,"name":"Shaded","section":"Shading Mode"},"sceneLighting":false,"audioPlay":false,"sceneViewState":{"showFog":true,"showMaterialUpdate":false,"showSkybox":false,"showFlares":true,"showImageEffects":true,"showParticleSystems":true},"in2DMode":false,"pivot":{"x":3.609999656677246,"y":1.2797160148620606,"z":0.8529999852180481},"rotation":{"x":0.19296424090862275,"y":0.39351686835289,"z":-0.08487903326749802,"w":0.8948343992233276},"size":0.8206074833869934,"orthographic":true}