{"cameraMode":{"drawMode":0,"name":"Shaded","section":"Shading Mode"},"sceneLighting":false,"audioPlay":false,"sceneViewState":{"showFog":true,"showMaterialUpdate":false,"showSkybox":false,"showFlares":true,"showImageEffects":true,"showParticleSystems":true},"in2DMode":false,"pivot":{"x":-0.022788047790527345,"y":-0.12399566173553467,"z":0.07325077056884766},"rotation":{"x":0.4050458073616028,"y":0.34418514370918276,"z":-0.16791805624961854,"w":0.8302292227745056},"size":10.774502754211426,"orthographic":false}