{"cameraMode":{"drawMode":0,"name":"Shaded","section":"Shading Mode"},"sceneLighting":true,"audioPlay":false,"sceneViewState":{"showFog":true,"showMaterialUpdate":false,"showSkybox":true,"showFlares":true,"showImageEffects":true,"showParticleSystems":true,"showVisualEffectGraphs":true,"m_FxEnabled":true},"in2DMode":false,"pivot":{"x":4.3899993896484379,"y":2.2299997806549074,"z":-3.5799999237060549},"rotation":{"x":0.10166771709918976,"y":0.17324940860271455,"z":0.018468165770173074,"w":-0.9796104431152344},"size":41.4288215637207,"orthographic":false}