{"cameraMode":{"drawMode":0,"name":"Shaded","section":"Shading Mode"},"sceneLighting":true,"audioPlay":false,"sceneViewState":{"showFog":false,"showMaterialUpdate":false,"showSkybox":false,"showFlares":false,"showImageEffects":false,"showParticleSystems":false},"in2DMode":false,"pivot":{"x":-1100.139404296875,"y":106.806640625,"z":-13.75448989868164},"rotation":{"x":0.3763786852359772,"y":0.5633734464645386,"z":-0.3202493190765381,"w":0.6621125936508179},"size":428.1145324707031,"orthographic":false}