{"cameraMode":{"drawMode":0,"name":"Shaded","section":"Shading Mode"},"sceneLighting":true,"audioPlay":false,"sceneViewState":{"showFog":true,"showMaterialUpdate":false,"showSkybox":true,"showFlares":true,"showImageEffects":true,"showParticleSystems":true,"showVisualEffectGraphs":true,"m_FxEnabled":false},"in2DMode":false,"pivot":{"x":12.595026016235352,"y":7.6529998779296879,"z":-6.869981288909912},"rotation":{"x":-0.005918757990002632,"y":0.9938252568244934,"z":-0.06568743288516998,"w":-0.08936771005392075},"size":14.996353149414063,"orthographic":false}